id_cliente,nome,renda_mensal,idade,score_credito
101,Ana,5000.0,25.0,850.0
102,Bruno,3200.0,30.0,687.5
103,Carlos,4733.333333333333,22.0,400.0
105,Eduarda,4733.333333333333,27.5,600.0
106,Felipe,6000.0,35.0,900.0
